{
  "project_info": {
    "project_number": "295269595518",
    "firebase_url": "https://cirilla-rnlab.firebaseio.com",
    "project_id": "cirilla-rnlab",
    "storage_bucket": "cirilla-rnlab.appspot.com"
  },
  "client": [
    {
      "client_info": {
        "mobilesdk_app_id": "1:295269595518:android:48bda018186e4845095b2f",
        "android_client_info": {
          "package_name": "io.rnlab.cirilla"
        }
      },
      "oauth_client": [
        {
          "client_id": "295269595518-301q7d8gl5m0ln8i2sap85vemdujj2hl.apps.googleusercontent.com",
          "client_type": 1,
          "android_info": {
            "package_name": "io.rnlab.cirilla",
            "certificate_hash": "cee55649334f7869fdb66d175423a961e7a1ca59"
          }
        },
        {
          "client_id": "295269595518-e7s01ueadskq7sbg2k4g4dfnefpmd7vt.apps.googleusercontent.com",
          "client_type": 3
        }
      ],
      "api_key": [
        {
          "current_key": "AIzaSyCrqvZhnYlpwgvLfKIgyTmmwsoSHkU7SoU"
        }
      ],
      "services": {
        "appinvite_service": {
          "other_platform_oauth_client": [
            {
              "client_id": "295269595518-e7s01ueadskq7sbg2k4g4dfnefpmd7vt.apps.googleusercontent.com",
              "client_type": 3
            },
            {
              "client_id": "295269595518-4mq9tp8tgbgod6j299ef38q7difnqonu.apps.googleusercontent.com",
              "client_type": 2,
              "ios_info": {
                "bundle_id": "io.rnlab.cirilla",
                "app_store_id": "1498754090"
              }
            }
          ]
        }
      }
    }
  ],
  "configuration_version": "1"
}